shift_key,shift_date,shift_name,crew,tonnes_milled,avg_throughput_tph,avg_head_grade_gpt,avg_tails_grade_gpt,avg_recovery_pct,avg_grind_p80_um,avg_mill_power_kw,specific_energy_kwh_t,cyanide_kg_per_t,lime_kg_per_t,gold_in_feed_oz,gold_recovered_oz,gold_in_tails_oz,gold_poured_oz,scheduled_minutes,running_minutes,downtime_minutes,availability_pct,utilization_pct,quality_pct,oee_pct
202502281,2025-02-28,Night,A,4220.582664503605,703.4304440839342,1.6500173113570304,0.14951526054877579,90.93199667657437,102.14028486982797,8877.172271557636,11.743452454178984,0.4619112945996711,0.8766753517214817,223.89890703293753,203.59554513164593,20.288455879340884,203.59554513164596,360,360,0,100,93.79072587785788,100,93.79072587785787
202503010,2025-03-01,Day,B,8372.543014585885,697.7119178821571,1.692673115838155,0.15125033904003438,90.92877140526423,104.96222147480616,8741.018594407227,12.528119945177112,0.4557984838023331,0.8493106976686237,455.6396882289399,414.31420028606317,40.71409693926521,414.8931126722463,720,720,0,100,93.02825571762095,100,93.02825571762097
202503011,2025-03-01,Night,C,8233.909835108658,686.1591529257215,1.6345647724168524,0.14973314841700125,90.8395190414032,105.13597535124872,8593.704974293125,12.524361057708452,0.44368552822114243,0.8517326933307316,432.71236338843204,393.08885389560834,39.63830961150076,393.0888538956077,720,720,0,100,91.48788705676287,100,91.48788705676286
202503020,2025-03-02,Day,D,8375.432434484761,697.9527028737301,1.622906096343659,0.14867379216154808,90.69713381986472,105.556891057765,8755.156664391136,12.108496942992304,0.4526653643772874,0.8529303491271834,437.0103202558928,396.354515094319,40.03434436074607,396.95178994003345,720,720,0,100,93.06036038316402,100,93.06036038316402
202503021,2025-03-02,Night,A,8378.90336654994,698.2419472124949,1.689026074653158,0.15088833374541452,91.0460479808881,107.30619709955523,8741.964700839833,12.519964943010512,0.45432841484018416,0.843977714867852,423.26357067038833,385.44925394653023,37.80167123620664,414.2460282460073,720,720,0,100,93.09892629499932,99.92225159384233,93.02654336365505
202503030,2025-03-03,Day,B,8111.948383447838,700.3120906573673,1.7982082775065,0.15642790504082013,91.29844915546839,104.74700880345111,8764.109827217644,12.514577349351443,0.45152688479371944,0.8372616527650277,453.4252253027553,413.9751220596969,39.452066507916115,443.21395429214385,720,695,25,96.52777777777777,93.37494542098231,100,90.1327598160871
202503031,2025-03-03,Night,C,8285.224887656532,690.4354073047109,1.750207828579249,0.15662251569858376,91.05693715156598,105.84604906630415,8666.078224280107,12.55161327561449,0.4407199387205259,0.8634155883205101,466.21365042753325,424.5230463103677,41.720505182664404,424.5230463103677,720,720,0,100,92.0580543072948,99.92285141181917,91.98703281808996
202503040,2025-03-04,Day,D,3986.7719991191375,668.17407806466,1.78166257020858,0.15758165584921646,91.15519488910552,105.10563189641574,8228.830563551752,12.315399285447045,0.4616483365925093,0.839001650090433,228.3694036026931,208.1704555708808,20.19845360549804,208.17045557088062,720,358,362,49.72222222222222,89.089877075288,99.92285141181917,44.263291786753655
202503041,2025-03-04,Night,A,8384.954476141462,698.7462063451218,1.8370225560765854,0.1623391856353978,91.16580922582379,108.87624011401844,8695.674195292955,12.444681797668355,0.4508098586619678,0.8657248013010029,495.2292183730146,451.4749052955083,43.763811036285446,451.47490529550817,720,720,0,100,93.16616084601624,100,93.16616084601624
202503050,2025-03-05,Day,B,8433.986175505805,702.8321812921505,1.756360311357582,0.15630955010002115,90.96248483593472,103.24691296141822,8836.255837405,12.572355211680302,0.4619319505676036,0.8664828711938914,476.2528215236992,433.2175429667482,42.384733807093575,433.8589881374961,720,720,0,100,93.71095750562006,100,93.71095750562006
202503051,2025-03-05,Night,C,8320.996735856415,693.4163946547013,1.682503360091249,0.15315992096683653,90.90412472881262,107.58527072645072,8622.915926686028,12.43540820949288,0.4504200870413159,0.8255530794330499,450.11382674064055,409.17729340532617,40.97430041740779,409.17729340532605,720,720,0,100,92.45551928729351,100,92.45551928729353
202503060,2025-03-06,Day,D,8373.788076311988,697.8156730259991,1.7592103356856887,0.15385269838378424,91.2466720980828,104.74966715597917,8737.882172999893,12.52176256676645,0.44934121951018324,0.8364090394455461,473.6208311184566,432.1745205736943,41.4207678298703,432.1745205736946,720,720,0,100,93.04208973679988,99.92285141181917,92.97030907815399
202503061,2025-03-06,Night,A,6820.1697040433555,673.0430628990154,1.7702207405503123,0.151925414824871,91.40801796543848,105.3329373830681,8431.63808255313,12.527635373337514,0.45732502179593904,0.8758801035945503,388.1625820098168,354.81457716560806,33.313224695922244,354.8145771656083,720,608,112,84.44444444444444,89.73907505320204,99.84570282363833,75.66273749741048
202503070,2025-03-07,Day,B,8343.072627363375,695.2560522802813,1.8041703504151048,0.1582613426769646,91.2338266268177,106.77920312018729,8700.253359358943,12.513739838472596,0.4514144296546953,0.8341116906221213,467.65843364770024,426.679863051208,41.015836847028666,441.4108206846234,720,720,0,100,92.70080697070418,99.92255266418836,92.62901266542949
202503071,2025-03-07,Night,C,7385.711175952605,670.4125121893439,1.7655248180941256,0.15599122504886676,91.16731069943413,105.50234465228654,8372.274113396874,12.488242628491248,0.44658075921807466,0.8348671457262676,419.2346876288594,382.2075271236134,37.041072340631494,382.20752712361326,720,661,59,91.80555555555556,89.3883349585792,99.92285141181917,82.00014671170271
202503080,2025-03-08,Day,D,8434.158531109524,702.846544259127,1.7368096713680072,0.15654540429959962,90.99443488293817,106.50517344756045,8824.621047397051,12.555544477634324,0.4598437960254948,0.8634999403332422,470.96111476135707,428.5564258927396,42.449555259348294,428.5564258927398,720,720,0,100,93.7128725678836,99.92285141181917,93.64057440975375
202503081,2025-03-08,Night,A,8274.483072115783,689.5402560096486,1.6867822147769804,0.15257998919286478,90.95746565964204,107.54389235138707,8567.845197410468,12.425445973223322,0.42782162120450046,0.8479276237181699,448.7360359185985,408.161622015993,40.59097784592264,408.1616220159934,720,720,0,100,91.93870080128647,99.92255266418836,91.86749672693603
202503090,2025-03-09,Day,B,7692.229165251742,669.8603046663346,1.6556765899663741,0.15234651777754332,90.79985581206432,106.74788630766166,8399.230235778476,12.53877887265201,0.4513355993361876,0.8582374851355373,394.1308368973248,357.7848520538962,36.34092156878331,371.84657020438385,720,689,31,95.69444444444444,89.3147072888446,100,85.46921294724157
202503091,2025-03-09,Night,C,7031.949666437176,683.820064807505,1.6763721504810427,0.15166863707964953,90.95353966048582,106.95928868654876,8550.36561715495,12.50382382324782,0.4581408883532381,0.8796673982919698,378.9982920623118,344.7203034002474,34.28961426978552,344.72030340024753,720,617,103,85.69444444444444,91.17600864100066,100,78.13277407152418
202503100,2025-03-10,Day,D,8466.969539265261,705.5807949387718,1.590022819859659,0.14856377792428566,90.64758703702785,107.6294223129011,8788.45845657486,12.4556372843701,0.442801547817345,0.8314441455823988,432.83504506764297,392.3673833709464,40.441941279152935,392.367383370946,720,720,0,100,94.07743932516956,100,94.07743932516956
202503101,2025-03-10,Night,A,8368.329048762589,697.360754063549,1.56623978602624,0.1442633766408315,90.79006495718168,105.20680972022977,8687.688761981775,12.457954812280823,0.45148935008321717,0.8604352274423752,421.3937233772877,382.58892123518024,38.813776774178784,382.5889212351801,720,720,0,100,92.98143387513989,100,92.98143387513989
202503110,2025-03-11,Day,B,4494.515262460575,693.2414286571582,1.5970698709567346,0.14864358991805998,90.45457977215071,106.70070088028785,8707.572644253429,12.560663982705728,0.4668269865935801,0.8380975711358646,230.7798242745321,208.75497549325195,21.479299174478513,209.30333449703576,720,389,331,54.02777777777778,92.43219048762109,100,49.93905847178418
202503111,2025-03-11,Night,C,7888.232195593565,686.928783360833,1.622985871787665,0.14666886257886047,91.00698007557705,105.96734797693325,8534.786665869971,12.4245582258369,0.45180897236828493,0.8616098949228568,411.6095923665019,374.58842589574607,37.19706485950327,374.4279501958643,720,689,31,95.69444444444444,91.59050444811108,100,87.64702439548408
202503120,2025-03-12,Day,D,8487.709443748325,707.3091203123604,1.644964953041849,0.1513015438852815,90.82457496577373,105.93963184021345,8860.467417816852,12.527008578517847,0.45083957045181167,0.8592890938068958,448.88822739483334,407.7022666388185,41.28810264995216,407.58378865196465,720,720,0,100,94.30788270831472,100,94.30788270831471
202503121,2025-03-12,Night,A,8449.395989301145,704.1163324417621,1.5157514728636716,0.14420089369008818,90.47172086730826,109.42460846398947,8755.87139066995,12.435262452024084,0.44639022937432193,0.8346197508856167,411.76054040336777,372.5661284995509,39.17280568449736,372.56612849955076,720,720,0,100,93.88217765890161,99.92285141181917,93.80974888428436
202503130,2025-03-13,Day,B,7033.806081497034,684.0005913935527,1.4574114277656394,0.1386862970575947,90.47687464601441,106.85670473710232,8464.496811147446,12.374984638393736,0.458062041217751,0.8585924440512769,329.5821052346543,298.21203326059964,31.362812779310055,298.2120332605998,720,617,103,85.69444444444444,91.20007885247368,100,78.15340090552259
202503131,2025-03-13,Night,C,8372.528938177005,697.7107448480838,1.517153589297608,0.14222734044750046,90.62567679936964,104.6717412794691,8759.579706383309,12.55474388357109,0.45752476749073745,0.8046088977868172,408.39203963376,370.10547700961,38.28519015265363,370.1054770096103,720,720,0,100,93.02809931307783,100,93.02809931307785
202503140,2025-03-14,Day,D,8514.4334244684,709.5361187057,1.4540264562941787,0.14009573923659357,90.36510000420361,107.49691369439925,8842.70603589046,12.462658070206318,0.4565967573050977,0.8568667341214349,398.03304110145325,359.6755739920207,38.350562943550464,359.6755739920202,720,720,0,100,94.60481582742668,99.92285141181917,94.53182954766474
202503141,2025-03-14,Night,A,7799.462221588434,684.1633527709153,1.4293918366542115,0.13466658930194386,90.59064809625772,104.54333248602715,8562.936610969318,12.515924122928762,0.4525562898024297,0.8717307946602355,358.4322004101943,324.70184678259005,33.76879641219648,324.70184678258994,720,684,36,95,91.22178036945536,99.92285141181917,86.59383385109756
202503150,2025-03-15,Day,B,8361.232832786094,696.7694027321745,1.4093394065580676,0.13638809101063049,90.31219481479663,106.61801272864648,8706.700338297758,12.49581325494061,0.4583284792799265,0.8804740060786821,378.85844706121674,342.15143250146303,36.663829959970954,342.1514325014634,720,720,0,100,92.9025870309566,100,92.90258703095661
202503151,2025-03-15,Night,C,8337.32247594292,694.7768729952433,1.375132297966331,0.13264762617973067,90.3491574068226,106.42618693316946,8647.303177395244,12.44615863524065,0.45709495995444505,0.856386499617174,368.6057828502866,333.03952613135993,35.55634767907178,333.0395261313592,720,720,0,100,92.63691639936577,99.84570282363833,92.49398025309304
202503160,2025-03-16,Day,D,8402.883826117468,700.2403188431224,1.3345639351581635,0.12983237125909,90.25918893782978,103.73353316455373,8767.298012980471,12.520413031150587,0.43008983909933074,0.8416069386090029,360.54444259621204,325.4430812272503,35.075382073025544,325.44308122724993,720,720,0,100,93.36537584574965,100,93.36537584574965
202503161,2025-03-16,Night,A,8402.329749045715,700.1941457538096,1.4169367794806653,0.1335669152179704,90.57691562358501,104.5798554786239,8752.963154931525,12.066711603346906,0.44293274329396687,0.8422129473193039,382.77296558523074,346.6955275838581,36.0819233309705,346.6955275838583,720,720,0,100,93.35921943384128,99.8451053283767,93.21461097746916
202503170,2025-03-17,Day,B,8459.842954261325,704.9869128551104,1.3749956574602258,0.13481866919555047,90.19258641168577,107.78076493713165,8773.327854480909,12.444667687446861,0.44334787989114954,0.8563746721689317,360.43641610378364,325.08181496590527,35.34270177636998,337.3063895610349,720,720,0,100,93.99825504734805,99.92255266418836,93.92545590310445
202503171,2025-03-17,Night,C,8417.79357984934,701.4827983207783,1.3573175531029273,0.13237990161749047,90.28311756559818,108.05387288206201,8732.78625650356,12.449038347637682,0.4455288017003412,0.8740872116040456,355.1110767518222,320.6175427902367,34.562716263601594,331.522447492957,720,720,0,100,93.53103977610378,100,93.5310397761038
202503180,2025-03-18,Day,D,4007.495608858577,671.6473087472475,1.2727602689534534,0.12423993291721855,90.21923700873096,105.08388213042461,8401.893161705237,12.509382606440271,0.44779556959426814,0.8111092060752896,151.53146332080652,136.7303839988294,14.801529036462117,147.9483213655447,720,358,362,49.72222222222222,89.552974499633,100,44.527728987317516
202503181,2025-03-18,Night,A,8083.965894057018,697.8963361775842,1.218479266064868,0.1219942241031136,89.99295645078273,105.86597325848206,8728.263429082994,12.506532813867688,0.45331869170247985,0.8709795185137428,316.68951007702196,284.99954243595744,31.70697453737773,295.2058000821302,720,695,25,96.52777777777777,93.05284482367789,100,89.82184326730018
202503190,2025-03-19,Day,B,8483.914823318768,706.9929019432307,1.2327097014261152,0.12241079446100941,90.06934373563165,104.27025097571114,8838.836642257389,12.502016099402255,0.45311403139295825,0.8543220105734971,336.23906986430126,302.8561901200288,33.38928185874014,302.8561901200289,720,720,0,100,94.26572025909742,99.92285141181917,94.19299558677902
202503191,2025-03-19,Night,C,8363.919114349492,696.9932595291243,1.183649602982918,0.11902149771859546,89.94178221574656,107.50642773341232,8731.748159012626,12.092746011261415,0.4548895104082645,0.8657190872203386,318.2907686731991,286.2768270540848,32.00562387890556,286.27682705408483,720,720,0,100,92.93243460388325,99.92255266418836,92.86046090917765
202503200,2025-03-20,Day,D,8349.181409917792,695.7651174931493,1.1753110607367578,0.11801860314540846,89.95234775363458,104.56142371499055,8722.46410498189,12.536506768849005,0.4599874549099811,0.8466992151218724,310.4378670478687,279.22868269034325,31.207717674367693,283.7177571451757,720,720,0,100,92.7686823324199,99.92270830112845,92.69697984182443
202503201,2025-03-20,Night,A,7987.030030497102,689.5277724170161,1.1969120544045821,0.11794626619618791,90.13058184188492,105.351063218585,8625.573501875628,12.509392437726223,0.4452597533835708,0.8476047244035866,301.8655985676019,272.0732446950048,29.768137419703113,288.166343753634,720,695,25,96.52777777777777,91.93703632226881,100,88.74477811663448
202503210,2025-03-21,Day,B,8361.764398558791,696.8136998798992,1.2658639648248453,0.20017445055318792,90.10977204935674,106.64239787152846,8669.569632322766,12.441732465674866,0.43547708185396933,0.8336586871564655,340.3110302604778,306.6667310643701,53.814292366720686,306.6667310643697,720,720,0,100,92.9084933173199,100,92.9084933173199
202503211,2025-03-21,Night,C,8433.691780005889,702.8076483338241,1.1889797357968686,0.12083152319595192,89.83438173321,105.46089293068665,8809.483238744813,12.53470029762742,0.4486825538756888,0.8537001747899804,322.3912454823579,289.63222180464203,32.76340553488511,289.6322218046419,720,720,0,100,93.70768644450987,100,93.70768644450986
202503220,2025-03-22,Day,D,8406.983697198095,700.5819747665079,1.1708003660533375,0.11814946829879874,89.90502870703624,106.6586827213747,8727.590296217428,12.457628957876324,0.4416850647523166,0.8664869560238023,316.456570221242,284.51325690587913,31.93471457250799,284.513256905879,720,720,0,100,93.41092996886772,99.92285141181917,93.33886475519014
202503221,2025-03-22,Night,A,8307.172788000564,692.2643990000471,1.2293637692698578,0.12118813697784386,90.14910533540531,103.42438179864777,8693.901418577574,12.558642956557678,0.44197392703671684,0.8352378820049114,328.340696967754,295.9961845443291,32.36714661207359,295.9961845443292,720,720,0,100,92.30191986667295,99.84570282363833,92.15950061059107
202503230,2025-03-23,Day,B,8440.19736702101,703.3497805850842,1.1859242601902908,0.12096275571695507,89.81802877503458,106.57489092103737,8802.244881165292,12.514747461559043,0.4525159649334211,0.836652510233427,309.7261788878093,278.18844353658307,31.52401722982638,288.9692836660487,720,720,0,100,93.7799707446779,99.92255266418836,93.70734065581121
202503231,2025-03-23,Night,C,8322.741336770028,693.561778064169,1.1357112203584472,0.11374329468379593,89.98349051527109,105.05447884166978,8641.967425111083,12.46027058935119,0.4490959801361026,0.8436816181152386,303.8962743969119,273.4634627461159,30.435697801000916,273.46346274611614,720,720,0,100,92.4749037418892,100,92.4749037418892
202503240,2025-03-24,Day,D,8360.854754624177,696.7378962186814,1.1606327612765661,0.11519212564748789,90.06189425452155,104.79110495089223,8717.24798038076,12.511516924356764,0.4379554796139069,0.815765077849619,311.98704900063666,280.983542162967,30.96453292369761,280.98354216296684,720,720,0,100,92.89838616249085,99.92255266418836,92.826438837396
202503241,2025-03-24,Night,A,7364.996077475612,684.055363233029,1.175155011361884,0.11737859150231901,90.01306749577537,106.00936939102085,8560.167732759204,12.5138522301785,0.45128528469042234,0.841838195716651,278.2650989392313,250.47951354445655,27.794091044966127,250.47951354445664,720,646,74,89.72222222222223,91.20738176440385,99.92285141181917,81.77015652202516
202503250,2025-03-25,Day,B,4867.553994418599,676.0491658914721,1.1756856426891973,0.11580394636438808,90.1322466311305,102.76705152407918,8530.831608285656,12.618655622533721,0.44531665124163894,0.8718002966989238,183.9895064802659,165.83371157772916,18.122795895776335,165.83371157772908,720,432,288,60,90.1398887855296,99.84570282363833,54.000483289414795
202503251,2025-03-25,Night,C,6935.8303954664225,686.7158807392498,1.1913220740850317,0.1223961433833079,89.75961588559285,109.06295173829061,8509.815252669438,12.3920466838609,0.4533184604136986,0.8430307738659475,254.49529761766968,228.47936673267895,26.089686897065608,238.35802551954367,720,606,114,84.16666666666667,91.56211743189996,99.92255266418836,77.005097551208
202503260,2025-03-26,Day,D,8349.586512132406,695.7988760110338,1.2353925263469745,0.12325648301698737,90.02680367088985,106.43916615115039,8646.996820842123,12.427437178994527,0.4605933308001468,0.8716974066183841,331.6354901898259,298.5610892095467,33.087640804564806,298.5610892095468,720,720,0,100,92.77318346813784,99.92285141181917,92.70161026688176
202503261,2025-03-26,Night,A,8313.285279575903,692.773773297992,1.214847238903018,0.12022679081015193,90.12646137651221,104.62852066126906,8698.268144800233,12.555712239785862,0.45641990979360836,0.8298491633799122,324.7023390036541,292.64465748386044,32.13401564974522,292.5905951489255,720,720,0,100,92.36983643973227,100,92.36983643973227
202503270,2025-03-27,Day,B,8067.3580086494385,696.4625618977933,1.191026491870263,0.1184185934698334,90.06283252203573,104.25474154886341,8677.881225378378,12.459939270435427,0.44979500509721027,0.8346823715681929,308.91842637036683,278.2301637267419,30.714418022935064,288.8231478773997,720,695,25,96.52777777777777,92.86167491970578,100,89.63731120721599
202503271,2025-03-27,Night,C,8271.792495074607,689.3160412562173,1.1939126963653441,0.11915277920697884,90.06045571130123,106.55633525126694,8603.758350319953,12.481587305933527,0.4280301214783027,0.8579787467695005,305.98407842415315,275.6029571152797,30.53379578100779,285.8599657794077,720,720,0,100,91.90880550082898,99.84450318768465,91.76589023803807
202503280,2025-03-28,Day,D,8325.633613823455,693.8028011519546,1.234480128011103,0.12123992824912372,90.0582801486218,104.10788248552079,8715.964087439857,12.5625957014995,0.4522531227888261,0.8841911026056363,318.2381899599724,286.56253142994404,31.286265783124897,297.9817464947152,720,720,0,100,92.50704015359395,99.92225159384233,92.4351174042909
202503281,2025-03-28,Night,A,6695.284723781519,672.8929370634693,1.3263250730556246,0.12810586898193668,90.18334623033586,105.23186359944981,8374.97790920084,12.446226506328877,0.45876943165837275,0.879043746771667,285.50261623477826,257.4814849922441,27.575864689876642,257.93608824366686,720,597,123,82.91666666666667,89.71905827512924,100,74.39205248646132
202503290,2025-03-29,Day,B,8411.747693154752,700.9789744295626,1.3775863244522073,0.13326185468502313,90.35393067402026,108.27534514388798,8692.400790948184,12.400373061148974,0.4671354574018729,0.8544228437521156,372.5599122356761,336.6218518463774,36.039864801618165,336.50700008985416,720,720,0,100,93.46386325727502,99.84570282363833,93.31965115535051
202503291,2025-03-29,Night,C,8222.730635157073,685.2275529297561,1.4063291912178182,0.1319537206396496,90.61613343877072,103.7053906740594,8515.40781415841,12.427124066669487,0.4422609351657214,0.8469342540597218,371.7869290979851,336.8884966268198,34.884199863039264,336.88849662682,720,720,0,100,91.3636737239675,100,91.3636737239675
202503300,2025-03-30,Day,D,8358.45744038453,696.5381200320443,1.3907744039862517,0.134721621150169,90.31322407964898,106.33872001939315,8656.618971280597,12.42806204329829,0.45512800548128807,0.833203440710969,373.74370523411227,337.5386207344668,36.20382839912277,337.5386207344669,720,720,0,100,92.8717493376059,100,92.8717493376059
202503301,2025-03-30,Night,A,8351.439001627645,695.9532501356372,1.3749006184782973,0.2144995799519445,90.24297513805716,106.56051047278474,8643.605883226312,12.419808200538938,0.45589281372557944,0.8435931658036165,369.1676889485752,333.1578561630705,57.594209462892486,333.15785616307016,720,720,0,100,92.79376668475163,100,92.79376668475163
202503310,2025-03-31,Day,B,8109.828811563878,700.1291060342917,1.4222181056652101,0.1364208029020458,90.26462456824393,106.10537237480496,8767.827371852467,12.523157937991837,0.4593735280979693,0.838324187666602,370.8249545160662,334.70259600472036,35.56995782129695,347.6697164974137,720,695,25,96.52777777777777,93.35054747123888,99.84450318768465,89.96909206975181
202503311,2025-03-31,Night,C,6017.823126529884,679.980014297162,1.4177735457731093,0.1309278603792545,90.76492912229033,104.66917882112462,8509.68579632111,12.51461163180929,0.4599178394586422,0.8560250233886144,274.30729004339776,248.98386342296956,25.331595922979048,248.98386342296948,720,531,189,73.75,90.66400190628826,100,66.86470140588759
202504010,2025-04-01,Day,D,6201.597614464102,680.2483672172689,1.3899610005382634,0.13451607527029957,90.3129353507764,106.14107205115214,8491.882103276817,12.483502368429118,0.4598438962896828,0.8424195060090106,277.1387546338945,250.2969227718882,26.820621272261224,250.29692277188826,720,547,173,75.97222222222223,90.69978229563584,100,68.90664016071223
202504011,2025-04-01,Night,A,8292.851824082321,691.0709853401935,1.4591209937676621,0.13802177641476684,90.54826128431756,105.70822842085529,8638.239370525427,12.49978591746705,0.44466106490505103,0.8567244676031691,389.0328490454471,352.25976706431766,36.79955612885958,352.2597670643176,720,720,0,100,92.14279804535913,99.92285141181917,92.07171117755681
202504020,2025-04-02,Day,B,8374.49500135822,697.8745834465183,1.5329194346592967,0.1431096221549768,90.64809368788052,105.9121181252738,8748.365571304039,12.535727448475662,0.4489213341811193,0.8523278705783564,412.732834518331,374.15925323993883,38.53173145527952,374.1592532399387,720,720,0,100,93.04994445953577,100,93.04994445953577
202504021,2025-04-02,Night,C,7347.64458485865,673.0666795290367,1.6283629084467315,0.1470269754760485,90.96890494961382,105.56761772088994,8374.145512547411,12.44177696986431,0.4561856294029203,0.8450913704944297,384.6718482106575,349.94190804276104,34.7325145394914,349.9419080427604,720,655,65,90.97222222222223,89.7422239372049,100,81.64049538731835
202504030,2025-04-03,Day,D,6294.487616608759,670.8157317877896,1.642243834756813,0.1489705445768467,90.92621765560557,106.55924893439708,8364.957108952698,12.469828467885314,0.45472154599868014,0.848101120258449,332.3449512669541,302.1900100079173,30.14753797808303,302.1900100079172,720,563,157,78.19444444444444,89.44209757170528,99.92255266418836,69.88458559607447
202504031,2025-04-03,Night,A,7999.497037014099,690.6040607494186,1.600592308558827,0.231210435668252,90.9632792531919,104.1511580127645,8704.468620479152,12.604137616905085,0.44583374088415495,0.8713559934042989,411.6560187825656,374.47878967674706,59.46496614985888,387.2634659189251,720,695,25,96.52777777777777,92.0805414332558,99.92255266418836,88.81446266311777
202504040,2025-04-04,Day,B,8364.627345927152,697.0522788272627,1.661518032674878,0.1506533172864998,90.92187187752509,106.0332327242458,8713.23788016784,12.500121073884443,0.4505040897727929,0.8550109743554714,431.2565769698368,392.12378485910705,39.1335853146111,406.32166310848385,720,720,0,100,92.94030384363504,100,92.94030384363504
202504041,2025-04-04,Night,C,7803.119722073876,678.5321497455544,1.6414969505690344,0.14942158173647987,90.89850920332049,104.03662234567292,8549.073088670351,12.599363334333093,0.45412629187798015,0.8552711103161575,411.81239354917903,374.33214924689554,37.4863073619924,374.33214924689537,720,690,30,95.83333333333333,90.47095329940727,99.92285141181917,86.63444139304707
202504050,2025-04-05,Day,D,8410.680232371027,700.8900193642522,1.6900904935947851,0.1542082628868121,90.91348781324844,107.34739773843404,8682.012404886682,12.387125176588714,0.4553611531685599,0.8267298559251518,457.01677651020196,415.50632844291823,41.699402181636025,415.3348086402762,720,720,0,100,93.4520025819003,100,93.45200258190032
202504051,2025-04-05,Night,A,7657.241354340852,684.70116432258,1.6966189684016966,0.15286173709044498,90.98242948825434,105.64607578676062,8572.094156287703,12.519467766304507,0.4478200994254151,0.8651782410635976,417.6838818033547,380.02142846337773,37.632423612055305,380.02142846337784,720,671,49,93.19444444444444,91.293488576344,100,85.08045949267614
202504060,2025-04-06,Day,B,7625.119274780127,696.3579246374545,1.6675643640254922,0.14944356701929482,91.03738598935983,103.99791411560544,8757.98264610006,12.098269838746976,0.45215259295781907,0.8489510696384488,408.80886904795307,372.15053983840477,36.63658023500191,372.1505398384051,720,657,63,91.25,92.84772328499395,100,84.72354749755698
202504061,2025-04-06,Night,C,8265.118177107766,688.7598480923139,1.6174567390450811,0.14777573085937099,90.88336400664456,104.5715018514106,8605.682853225348,12.4944606992711,0.44286169563800976,0.837513152194871,429.8063261714508,390.61618524916975,39.26840356513366,390.53987373747077,720,720,0,100,91.83464641230852,100,91.83464641230853
202504070,2025-04-07,Day,D,8334.696036974143,694.5580030811785,1.6777662053818043,0.14972801273947928,91.10768955812637,104.48977563577596,8657.88509237777,12.465316149219943,0.4491572561123991,0.8796417528895331,449.58547344664925,409.60139849474456,40.12212147304869,409.46306125713346,720,720,0,100,92.60773374415713,99.84570282363833,92.46484262589736
202504071,2025-04-07,Night,A,8209.056006548903,684.0880005457418,1.662320929180613,0.14846055764673555,91.07754928800443,103.8051098191152,8598.414557933545,12.56916442193698,0.45599750876459816,0.848650446161514,422.775383531245,385.0609527691464,37.71465392469832,399.5524164141284,720,720,0,100,91.21173340609892,100,91.21173340609892
202504080,2025-04-08,Day,B,3996.2432185469247,669.761433276021,1.6859204439928976,0.15278561291991816,90.9373686769924,103.68922633613126,8431.776688868922,12.58922396834103,0.45850717754827475,0.8362850863210413,216.61077263607515,196.97806735533433,19.63023212642126,196.9780673553342,720,358,362,49.72222222222222,89.3015244368028,100,44.402702428299165
202504081,2025-04-08,Night,C,8233.802277265313,686.1501897721095,1.7107002551948216,0.15083851793388284,91.17826281547582,105.71213569380075,8574.814363141586,12.496993356497553,0.45605937624823034,0.8399339951447272,452.8615160135884,412.9239771792483,39.93040843791873,412.92397717924877,720,720,0,100,91.4866919696146,99.92255266418836,91.41583796406194
202504090,2025-04-09,Day,D,7078.373122618704,683.9007847940776,1.7522010792384473,0.15598832634827578,91.09930111632424,105.745503882176,8527.277066963923,11.966631889066704,0.45657764177031174,0.8581930953423671,398.7571262356403,363.2759387504997,35.49904030876414,363.2759387504988,720,621,99,86.25,91.18677130587702,100,78.64859025131892
202504091,2025-04-09,Night,A,8323.668958527058,693.6390798772549,1.7736450481071704,0.15670441384280542,91.15916774939075,106.73920555931463,8652.333747811028,12.040707819052871,0.45014823702705625,0.8826197088564924,474.64900227407645,432.67685528450363,41.93600842615567,432.676855284504,720,720,0,100,92.48521065030064,100,92.48521065030066
202504100,2025-04-10,Day,B,8417.847035618339,701.4872529681949,1.7263324498615047,0.1573884729680649,90.87341661506679,107.65806974828861,8692.83276448674,12.39200388560855,0.4588611745689123,0.8387280766310171,467.2147293693679,424.5862615870567,42.59562682120226,424.5862615870565,720,720,0,100,93.53163372909265,100,93.53163372909265
202504101,2025-04-10,Night,C,8340.829678576476,695.069139881373,1.7262077666755078,0.1531679709842537,90.9949296970014,104.3306622242828,8710.022403016565,12.096050000167475,0.4435990961001035,0.8409687740229238,462.90660893821007,421.22330581732996,41.07412063312496,421.82828428772683,720,720,0,100,92.6758853175164,100,92.6758853175164
202504110,2025-04-11,Day,D,8385.671932798223,698.8059943998519,1.7830018787258999,0.15670112151477,91.20543057619298,104.68827463836503,8759.201096735222,12.534524842274417,0.4436943294497972,0.838878631482716,480.7073147063186,438.43527077568973,42.2475019424327,438.43527077569024,720,720,0,100,93.17413258664692,100,93.17413258664692
202504111,2025-04-11,Night,A,8276.627830883706,689.7189859069755,1.745966698626066,0.15618513857809382,91.04685861354523,106.1367628002338,8614.671215947934,12.490117557978634,0.44612505693966736,0.8448737225408278,464.60132616571804,423.0099295384891,41.5608284899481,423.00992953848873,720,720,0,100,91.96253145426338,99.84570282363833,91.82063586491874
202504120,2025-04-12,Day,B,2068.1953302208117,593.7402861877929,1.7418440026254336,0.15240376829795135,91.31141755824179,104.17648117020975,7467.52587838139,12.577091452439362,0.4465329094164206,0.8432970352846342,113.58233777410317,103.65369661914254,9.940254916436915,105.75544413225842,720,209,511,29.02777777777778,79.16537149170571,100,22.979948113564575
202504121,2025-04-12,Night,C,7817.17986347267,677.7901615727749,1.6936254648719162,0.15312676508463283,90.96006536301007,105.8852303511645,8524.810584813149,12.57735958431706,0.4439713892622844,0.8401893501055147,425.65578650233994,387.17992492985246,38.485069443371735,387.17992492985246,720,692,28,96.11111111111111,90.37202154303664,100,86.85755403858522
202504130,2025-04-13,Day,D,8461.11828728546,705.0931906071218,1.6478370184078184,0.15141898063040826,90.81549472436983,107.59666764600622,8813.654823320434,12.49998573341975,0.45136425911731604,0.8413257520207761,432.72545867040174,393.04555682992236,39.65715046093865,407.4726530692943,720,720,0,100,94.0124254142829,100,94.0124254142829
202504131,2025-04-13,Night,A,8365.232331845395,697.1026943204495,1.731606025767433,0.15404064377972598,90.97365295386373,105.28590328100722,8725.981453367636,12.517497815546257,0.4431993012761505,0.8448309832284857,465.7127820761195,423.678152111738,41.42899464424,424.2591893335035,720,720,0,100,92.94702590939328,100,92.94702590939328
202504140,2025-04-14,Day,B,8405.132415004355,700.4277012503628,1.722474745824976,0.15283110284472096,91.11774562402059,105.67545416121567,8798.814356892814,12.562059354856583,0.45116045678036176,0.8224209475996261,465.4665590362519,424.13492569859164,41.29974487421381,424.13492569859136,720,720,0,100,93.39036016671506,99.84570282363833,93.24626147798382
202504141,2025-04-14,Night,C,2954.951250834094,642.380706703064,1.6726300958672635,0.15065093979320654,90.9941453003385,103.92773513936547,8142.751362790114,12.67589651716306,0.45360146982861504,0.8522770044323598,158.9063636115986,144.59634224885932,14.312425129954201,144.5963422488593,720,276,444,38.333333333333336,85.65076089374186,100,32.83279167593438
202504150,2025-04-15,Day,D,8434.854246733827,702.9045205611523,1.6541216885188008,0.15037695213159233,90.90398643263715,104.68485018787736,8793.136414373117,12.509716692892034,0.4515411416369479,0.8368650802466578,448.57606880197187,407.77905436802064,40.78025364990871,407.779054368021,720,720,0,100,93.72060274148697,100,93.72060274148696
202504151,2025-04-15,Night,A,8352.517374335031,696.0431145279193,1.6375587647923981,0.14961077740746112,90.86081150740031,103.8206330581762,8739.25407141913,12.555621755336801,0.43886563371258214,0.8448494550456116,439.7494891768215,399.56653760104024,40.17642869055687,399.5665376010401,720,720,0,100,92.80574860372259,99.92285141181917,92.73415027892416
202504160,2025-04-16,Day,B,8468.454046644618,705.7045038870516,1.6357479623233404,0.1486380718315789,90.91258157841422,105.7654059023025,8846.046672762397,12.535057696299203,0.4554041572826246,0.8628251838722991,445.3603865542061,404.8856261048129,40.46925972235965,404.8856261048133,720,720,0,100,94.09393385160688,100,94.09393385160688
202504161,2025-04-16,Night,C,8431.892237504351,702.6576864586959,1.635292714382647,0.14975206398654542,90.84538497792997,105.95543473669342,8788.640694771237,12.50771302177715,0.4443321239115383,0.8273665196458927,443.31416815918345,402.73280815836335,40.59653118516986,402.73280815836404,720,720,0,100,93.68769152782613,99.92285141181917,93.6154127965132
202504170,2025-04-17,Day,D,8377.326792030211,698.1105660025175,1.6143720960293175,0.146301469976939,90.93003218233271,105.2194139894039,8708.687922352752,12.474654225934385,0.4583958508827122,0.8405773956826251,434.81063867343505,395.3822398327089,39.40444446233788,395.3822398327089,720,720,0,100,93.08140880033568,99.76855423545749,92.8659758220908
202504171,2025-04-17,Night,A,8300.947454965217,691.7456212471013,1.5285402802694632,0.14129038635404692,90.7481395826874,106.5643836049437,8666.188681801646,12.527999333306889,0.4651581400384506,0.8558138747407763,407.93936417148774,370.2058443840696,37.70781255607662,370.2058443840695,720,720,0,100,92.23274949961352,99.92285141181917,92.1615932355342
202504180,2025-04-18,Day,B,8416.876057142825,701.4063380952355,1.4957302415865301,0.13977467964745702,90.7008251150869,104.89611412598593,8797.66101733068,12.542887823372011,0.44032191629242456,0.8698040765510999,404.757839109296,367.1183892516382,37.82426518052444,366.92657253722155,720,720,0,100,93.52084507936472,100,93.52084507936472
202504181,2025-04-18,Night,C,7319.144951334483,668.4150640488112,1.4785748762425077,0.13963477447763437,90.55403909100612,108.85752632765016,8339.510756947515,12.476545196980357,0.43599745357724723,0.8498283693232552,347.93228776984694,315.07325627901434,32.858293020435156,315.07325627901463,720,657,63,91.25,89.12200853984149,100,81.32383279260536
202504190,2025-04-19,Day,D,8366.722261719855,697.2268551433212,1.432911292230516,0.137193713772764,90.42648877084734,106.71878083009864,8686.048306449708,12.457994471059513,0.4447757491728255,0.8645883959408859,385.4479319101337,348.55480874469697,36.904610586511865,348.554808744697,720,720,0,100,92.96358068577618,100,92.96358068577618
202504191,2025-04-19,Night,A,7136.414824903298,672.1897794257424,1.4320069806237623,0.13401966291922016,90.65587121962734,105.1282560219763,8456.429468802231,12.580419589281219,0.44331105901154844,0.8532649663317863,328.5612059256484,297.86205554384065,30.749614116620734,297.78928050148875,720,637,83,88.47222222222223,89.62530392343231,100,79.2934980544811
202504200,2025-04-20,Day,B,8354.566210448425,696.213850870702,1.4633771584391218,0.13762550014024788,90.59789871614323,103.4258738193933,8728.25257626394,12.101437281321639,0.4597730852814747,0.8611190264857591,393.0712132168298,356.12237613919524,36.96697190996281,356.1223761391955,720,720,0,100,92.82851344942694,99.92255266418836,92.75662023888681
202504201,2025-04-20,Night,C,8308.795227336806,692.3996022780673,1.433882134293361,0.13734696789582954,90.41914946052353,106.3594211014891,8629.660865480324,12.030653737812766,0.43524414058857736,0.8470238714458466,383.03862653644535,346.3385038464747,36.690040752680424,346.3385038464744,720,720,0,100,92.31994697040898,100,92.31994697040898
202504210,2025-04-21,Day,D,8420.87526693516,701.73960557793,1.3356112739293953,0.2097309467983245,90.21322063458038,105.14236455863364,8806.016120245378,12.548837275605997,0.44325108848127986,0.8470498481165241,349.1844249741761,314.91047874095625,54.8454933505018,326.2142881767908,720,720,0,100,93.565280743724,100,93.56528074372399
202504211,2025-04-21,Night,A,4379.488282082419,673.7674280126798,1.336777535906693,0.12832982090469966,90.40446840409766,104.47029146423381,8383.226856532037,11.644731094699345,0.4650769128499843,0.8885095683172534,188.22338068181404,170.16438032201117,18.069328728351927,170.1643803220112,720,390,330,54.166666666666664,89.83565706835732,100,48.66098091202688
202504220,2025-04-22,Day,B,7918.502892829087,690.5671127467227,1.3475953265673595,0.12983101680224757,90.36473110978427,104.85120072800318,8655.588270960368,12.53402907725053,0.4551783453856597,0.8732473991892262,343.0786069481015,310.0316619197746,33.05313064318067,310.0316619197747,720,688,32,95.55555555555556,92.07561503289637,99.92285141181917,87.91548755158013
202504221,2025-04-22,Night,C,8322.957700505132,693.5798083754278,1.425406429108741,0.1346736089718047,90.41140576650837,106.27838482067096,8614.589852406589,12.420473820575236,0.4511895268183989,0.8532132433617274,381.4235138979742,344.8468603031904,36.037217255618806,345.38022243427,720,720,0,100,92.47730778339037,99.92285141181917,92.40596284604784
202504230,2025-04-23,Day,D,8448.81488458245,704.0679070485374,1.2805410275732558,0.127961425011725,90.00303503130489,107.68626850750609,8761.56013309488,12.444197563021243,0.43879447448124603,0.8301697714136695,335.8382620277601,302.28231276041515,33.56180919316973,313.0748069667604,720,720,0,100,93.87572093980499,100,93.87572093980499
202504231,2025-04-23,Night,A,8265.082636826095,688.7568864021746,1.221146765735164,0.12026889041120299,90.15232983766958,106.43459887078046,8592.434528813004,12.47527930166605,0.46134302876890104,0.8626809824617402,324.4935926421592,292.54544115096166,31.95888113344211,292.54544115096155,720,720,0,100,91.83425152028994,100,91.83425152028995
202504240,2025-04-24,Day,B,8294.08628979199,691.1738574826659,1.1820836134074502,0.1204442217264569,89.81737448021633,107.99047587027114,8620.594574590232,12.472396751213106,0.4611365743523691,0.8400959921416673,315.2156768323247,283.11269426319825,32.117784597832255,283.1126942631981,720,720,0,100,92.15651433102212,100,92.15651433102211
202504241,2025-04-24,Night,C,8280.413424129441,690.0344520107868,1.1758396385738656,0.11782209280682258,89.82593779963821,108.51059855162849,8571.880312064732,12.422394689259276,0.4510439997320915,0.8410454041464495,313.03376116044194,281.1937922526018,31.36677115584193,281.63104155510985,720,720,0,100,92.00459360143823,100,92.00459360143823
202504250,2025-04-25,Day,D,8480.031776718008,706.6693147265006,1.101122883229303,0.1128807314262986,89.7552932690489,107.07299717388887,8832.139248094501,12.498263422563875,0.44487987554362723,0.858071082171279,300.2094299585132,269.45300858049734,30.775729531117346,269.4530085804973,720,720,0,100,94.22257529686675,99.92285141181917,94.1498839102776
202504251,2025-04-25,Night,A,8327.111942475245,693.9259952062704,1.1561272639689464,0.11704225044094917,89.73544463035569,106.46871782858487,8655.590417843,12.473362401231435,0.46243282829657417,0.8491225743553545,309.5217042365194,277.7575082275433,31.334886697329164,278.1736231437102,720,720,0,100,92.52346602750272,100,92.52346602750272
202504260,2025-04-26,Day,B,8095.6786367363975,698.9075082074588,1.1554667936305822,0.11678501677016909,89.89843725914446,107.06056617337259,8731.50663466897,12.493078886880651,0.448348539329099,0.8476090688064245,300.74733756624306,270.3735239413621,30.397050832502423,279.8676715102069,720,695,25,96.52777777777777,93.18766776099451,100,89.95198485262665
202504261,2025-04-26,Night,C,7918.6008179072915,680.6820187312858,1.265066708064096,0.1253497039736049,90.09406393393624,108.73656711045214,8493.666560942378,12.478170903902544,0.44392212920963475,0.8574438037888756,322.0719771489866,290.175477457738,31.912646769116968,290.17547745773817,720,698,22,96.94444444444444,90.75760249750478,100,87.98445353230323
202504270,2025-04-27,Day,D,7736.591803190883,675.6848736411251,1.29521559369022,0.12720593150689732,90.18158783499248,105.96549643409575,8438.654834310664,12.489039141629009,0.4598096640257489,0.8484661192810835,322.1683032396163,290.55189762372686,31.6408475278083,290.5518976237269,720,687,33,95.41666666666667,90.09131648548336,100,85.96213114656537
202504271,2025-04-27,Night,A,8380.829052748551,698.4024210623793,1.1766251652679296,0.11627473611178539,90.11873881643999,103.55671654645481,8754.849012489043,12.535536459297418,0.44608737684018734,0.8179676961964022,317.04154595580553,285.71261469105093,31.330217286394237,285.7126146910511,720,720,0,100,93.12032280831724,100,93.12032280831724
202504280,2025-04-28,Day,B,7399.600188445987,691.5514194809334,1.2113615766966315,0.12032659662126977,90.05715372220308,104.06112951559903,8637.965513884936,12.49070607123971,0.452520763660259,0.8447306516832325,288.1861538771969,259.53147165056345,28.626018652481065,259.5314716505636,720,642,78,89.16666666666667,92.20685593079112,99.76855423545749,82.02749030240832
202504281,2025-04-28,Night,C,4237.974366802114,685.3866900488594,1.1449512654740464,0.11806193233876842,89.6927053508983,107.56698939250606,8525.80637155712,12.439410474909192,0.4610989155223104,0.840002995339833,156.00423533090841,139.9222581697218,16.08641523145818,139.9222581697218,720,371,349,51.52777777777778,91.38489200651458,100,47.08860407557904
202504290,2025-04-29,Day,D,8370.925128021456,697.5770940017879,1.1466020986092291,0.1153172847657721,89.82465359385829,105.20027978962699,8722.644618471893,12.50420160506236,0.44367387414325726,0.840050447382599,308.58673391426544,277.1925200862239,31.035512941145136,277.609845882289,720,720,0,100,93.01027920023839,99.92285141181917,92.93852308297235
202504291,2025-04-29,Night,A,8333.649873571614,694.4708227976346,1.114792898793236,0.1143053976405384,89.73167551205154,107.36742010537104,8688.706060337749,12.511261488763218,0.44603460984860605,0.8643249067026352,298.6898782996114,268.0268703637081,30.62619554466098,268.02687036370804,720,720,0,100,92.59610970635129,99.84570282363833,92.45323652365364
202504300,2025-04-30,Day,B,8412.123596675561,701.0102997229634,1.135562629846438,0.11489365658451264,89.92133020140373,104.40520950399215,8785.376377462524,12.532449781314869,0.4489803065913267,0.8420916790454702,307.1197877799365,276.1801418880139,31.07368497347272,276.06035510915666,720,720,0,100,93.46803996306178,99.92285141181917,93.39593068982998
202504301,2025-04-30,Night,C,8271.600680679916,689.3000567233264,1.0914822538721973,0.1130621595983881,89.66735167621266,108.71336923665785,8659.698563051606,12.563031844530178,0.4490700509096216,0.8537119156773358,290.26675738319125,260.27077658604554,30.06754011156619,260.19459399594245,720,720,0,100,91.90667422977685,99.84570282363833,91.7648648265524
202505010,2025-05-01,Day,D,8426.808408843768,702.234034070314,1.1051135320783072,0.11171437037217605,89.8812594637835,104.09854435242869,8828.22827679048,12.571632601769508,0.4457501056104432,0.8401417250667087,299.4063996358284,269.1281087367239,30.26657121627445,269.1281087367238,720,720,0,100,93.63120454270855,100,93.63120454270855
202505011,2025-05-01,Night,A,7234.078200505416,679.2561690615414,1.1790214704745845,0.11651761192286043,90.12713323834164,104.94235384223212,8527.618129443852,12.554347708355138,0.4559344782848833,0.8517295047218427,274.21801017074824,247.1409522351013,27.099784432655923,247.14095223510122,720,639,81,88.75,90.56748920820553,99.84570282363833,80.25462469006936
202505020,2025-05-02,Day,B,8400.2023570264,700.0168630855334,1.3321668566049438,0.13007233973412866,90.2290609709115,106.86388281508465,8746.659227147216,12.494926463047912,0.44186419415670164,0.8451440079643515,359.78200253179733,324.6401160803542,35.12899801666437,324.64011608035423,720,720,0,100,93.33558174473778,99.92225159384233,93.26301481755326
202505021,2025-05-02,Night,C,8238.752046762855,686.5626705635711,1.3088772222375546,0.12672457273013438,90.34317749184018,106.33895113163538,8558.99485797172,12.46644366922249,0.4524662284593476,0.861389004403368,334.83790672317815,302.49869525329717,32.359198687587515,313.15452259637584,720,720,0,100,91.54168940847616,99.92255266418836,91.47079280887232
202505030,2025-05-03,Day,D,8383.381012658754,698.6150843882295,1.2348363019327917,0.12262684678781512,90.06893837219098,107.10790836176301,8731.326168870184,12.498049876086087,0.4519905234613279,0.8514944680689541,332.8278466722768,299.79585383738686,33.05185415809154,299.79585383738663,720,720,0,100,93.14867791843061,99.84570282363833,93.00495213858424
202505031,2025-05-03,Night,A,8351.98517397757,695.9987644981308,1.2808312230043801,0.12540371372779058,90.20088593030569,103.63819626249014,8722.661725183898,12.532582197144581,0.44331863309622294,0.861467238886599,343.93207723003303,310.28573928336175,33.67372607734432,310.28573928336203,720,720,0,100,92.79983526641743,100,92.79983526641743
202505040,2025-05-04,Day,B,8316.929098319264,693.0774248599387,1.2584435395784617,0.12277712657869413,90.24385529019978,105.13742693037034,8694.552302044436,12.544849954969294,0.45137342396224567,0.8260881788532171,336.50211390232744,303.6732775012169,32.830048653929545,303.6732775012171,720,720,0,100,92.41032331465848,99.84570282363833,92.26773679511729
202505041,2025-05-04,Night,C,8355.498698445499,696.2915582037916,1.236329257167433,0.12242966140767947,90.0892170604642,105.37180917627555,8710.81025831659,12.510291350921559,0.4557958364914106,0.8639254685568126,332.12195426051466,299.20806611486046,32.888955891355174,299.2080661148606,720,720,0,100,92.83887442717221,100,92.83887442717221
202505050,2025-05-05,Day,D,5220.39579196746,691.4431512539683,1.3097333962554516,0.12866447153809474,89.96019877808584,105.9103435237241,8616.209089938415,12.461196664270187,0.44013919319260236,0.8458696661265995,219.82515827334163,197.7556775479018,21.594996280068173,198.23635355866904,720,453,267,62.916666666666664,92.19242016719576,100,58.004397688527334
202505051,2025-05-05,Night,A,7167.200888046357,688.0512852524503,1.3499487922388649,0.12931454705599343,90.32850867969492,105.41242137359653,8616.24568606219,12.522679443729018,0.4588683889136007,0.8609411194330338,303.1542958513766,273.84598555280576,29.061356688263288,281.2463095264359,720,625,95,86.80555555555556,91.74017136699338,99.92267244045777,79.57398518346825
202505060,2025-05-06,Day,B,8419.161915661189,701.596826305099,1.410476289640369,0.13440016000856625,90.46106960632224,104.8135192434719,8817.434856149132,12.131289088731865,0.4424834922014253,0.8414430192534752,376.3243200200642,340.4293670021192,35.853831668017456,345.3673065917133,720,720,0,100,93.54624350734653,100,93.54624350734653
202505061,2025-05-06,Night,C,8298.334057629223,691.5278381357687,1.3682949793254116,0.13107509800622885,90.41703706618974,103.70078802124092,8676.367618620247,12.546664270248513,0.4520619437938689,0.8827813142973994,351.74575697492224,318.033377982509,33.723852060345955,330.09814205903973,720,720,0,100,92.20371175143582,100,92.20371175143582
202505070,2025-05-07,Day,D,8322.688961927279,693.55741349394,1.441328493677789,0.13678112114076893,90.49943242871389,105.2997397537318,8635.562600091662,12.45111425828212,0.4412217647256753,0.8735933453083998,385.6716347814662,349.0366965797325,36.599983160670824,349.0366965797325,720,720,0,100,92.474321799192,99.92285141181917,92.40297916549413
202505071,2025-05-07,Night,A,8321.6296832172,693.4691402681,1.4117976148916513,0.13605561630898436,90.35499505054973,106.54882545052563,8670.699790226492,12.503367903111506,0.45800534480171073,0.8579925223318317,377.7216616110778,341.30917695365474,36.401218504461674,341.3091769536552,720,720,0,100,92.46255203574667,99.84570282363833,92.31988492876357
202505080,2025-05-08,Day,B,6386.566861538481,658.4089547977816,1.4593308102448461,0.13560518525497708,90.700523562536,104.9256892943113,8207.18270763486,12.465174794221243,0.4283315773398163,0.8615510119836491,299.6486165408954,271.79838850662566,27.844204941173114,271.79838850662566,720,582,138,80.83333333333333,87.78786063970422,100,70.96185401709424
202505081,2025-05-08,Night,C,8318.208764764835,693.1840637304028,1.5149536084874482,0.14255903091185898,90.59423947001851,106.30234577436946,8670.947006699153,12.50886663498298,0.44455506297238195,0.8247105108328828,405.15407539045293,367.0435432407466,38.125505648532716,367.0435432407467,720,720,0,100,92.42454183072039,100,92.42454183072039
202505090,2025-05-09,Day,D,8379.377146066481,698.2814288388734,1.5846047724809902,0.14747986087799686,90.70823540497867,107.44319924682557,8673.506272244242,12.4212186004529,0.45343946555299536,0.8620981278006237,426.8976456058149,387.2244632079524,39.731551031817474,387.2244632079521,720,720,0,100,93.10419051184978,100,93.10419051184978
202505091,2025-05-09,Night,A,8368.035148293586,697.3362623577989,1.5792327516646376,0.14697291250118746,90.68651288824663,106.40907727964829,8675.100732220892,12.440340766001572,0.4483387866117604,0.8305699198343259,424.8745327810454,385.3047927028632,39.54138328538933,385.3047927028631,720,720,0,100,92.97816831437318,99.92285141181917,92.90643697020224
202505100,2025-05-10,Day,B,7651.73936114318,672.1879380213628,1.6499580781789445,0.14837080128571659,91.0006368163615,105.65828673191652,8348.079870671489,12.419264611091815,0.4551433379857028,0.853710647731101,390.13496940459885,355.03033841018674,35.06267967095756,369.3636055326044,720,683,37,94.86111111111111,89.62505840284837,99.92255266418836,84.95348103183026
202505101,2025-05-10,Night,C,3939.724085826005,658.4497079374939,1.5947336140921096,0.1417932927898503,91.11147761243211,100.62892929761348,8274.622690266548,12.566825667195905,0.45174560834644895,0.8449354647141342,201.997045870931,184.0509909538443,17.960257446612918,184.05099095384438,720,359,361,49.861111111111114,87.79329439166585,100,43.77471206473339
202505110,2025-05-11,Day,D,7656.329472175903,686.6663203745204,1.6462472349504025,0.15031059504910885,90.87668603832573,106.70321255704846,8501.187927186527,12.38037701128231,0.44827604557129186,0.8414584378190935,389.9695412901173,354.3378792115256,35.60468256905237,368.27446068318943,720,669,51,92.91666666666667,91.5555093832694,99.92255266418836,85.00444276643046
202505111,2025-05-11,Night,A,7456.225308745655,687.2097058751756,1.6355543205621692,0.150179232660373,90.80579333384163,106.03385092323153,8645.323086704679,12.580327391759816,0.4524231465160379,0.8452233184471812,392.08033227989324,356.0384900070479,36.00144776773879,356.03849000704815,720,651,69,90.41666666666667,91.62796078335674,99.92285141181917,82.7830326243153
202505120,2025-05-12,Day,B,7264.8068272232,692.9863428193831,1.668216945646703,0.15336959620351176,90.84190654520285,108.01958661632973,8665.377334738994,12.504398426503334,0.44573258770678487,0.87561125144104,373.60524382623765,339.3832706838751,34.274488384845405,367.4840685738772,720,629,91,87.36111111111111,92.39817904258442,100,80.72007585803556
202505121,2025-05-12,Night,C,4897.419990261102,693.0311306973257,1.7913715755858715,0.15679547594541263,91.2363777345081,107.88906673346258,8560.16293203678,12.351772601360015,0.4454336252210468,0.8185497569142052,282.06168142140865,257.36368989613135,24.688342824669927,257.3636898961316,720,424,296,58.888888888888886,92.40415075964343,100,54.4157776695678
202505130,2025-05-13,Day,D,8368.8019722325,697.4001643527083,1.620967316494411,0.14935451448730208,90.78779495178705,105.72334526566887,8740.768234655492,12.53336130594152,0.4407583127308866,0.8018227071925333,436.14270399516397,395.9568012772348,40.18580827604332,395.95680127723426,720,720,0,100,92.98668858036112,100,92.98668858036112
202505131,2025-05-13,Night,A,7980.942592344564,679.229156795282,1.6623864101706296,0.24030468826217083,90.95992356058935,106.16420473608963,8482.921909812329,12.489042652167917,0.4560682863451318,0.9074865966781142,426.55715279603595,387.99769925358135,61.660563994943544,387.9976992535819,720,705,15,97.91666666666667,90.56388757270427,100,88.6771399149396
202505140,2025-05-14,Day,B,8056.917189832036,695.5611962444923,1.7462506662245827,0.15272750416451852,91.22744335565748,104.14810350592411,8671.102973450203,12.466340877362972,0.4540747888841454,0.8354037341084097,435.48500871496725,397.324986456564,38.14602209930195,428.24872347963503,720,695,25,96.52777777777777,92.74149283259898,99.84450318768465,89.38209933812178
202505141,2025-05-14,Night,C,8371.17803821695,697.5981698514126,1.7803316563537936,0.15502215248395237,91.16243529237492,104.00756165203337,8738.295558935915,12.526259294512139,0.43866905268257733,0.8623931220931672,479.1577918521085,436.8216186659044,41.722603767266996,437.4378415917514,720,720,0,100,93.01308931352169,99.92285141181917,92.94133102829292
202505150,2025-05-15,Day,D,8027.204230622567,692.9960486868403,1.753387301272422,0.15380003935523992,91.26523248346005,103.78971009037913,8685.6284257677,12.533445814339224,0.45108168035447604,0.8599333369010574,452.51526230321207,412.99335880443823,39.692807801547744,428.00732069099183,720,695,25,96.52777777777777,92.39947315824536,100,89.19115811802851
202505151,2025-05-15,Night,A,7933.239970308558,686.8606034899185,1.80588951719506,0.1552162723743721,91.40025283127262,104.97740969871225,8608.05535214935,12.532463367984818,0.4619883615528009,0.8458578566621694,460.6094357841396,420.9941174575872,39.58939844444235,420.99411745758727,720,693,27,96.25,91.58141379865582,99.76765799256506,87.94230801452129
202505160,2025-05-16,Day,B,8373.717627474627,697.8098022895523,1.793472404005773,0.15978042966726072,91.09031500589897,105.58106833921624,8812.178597351345,12.628338794379362,0.44559309354752963,0.8548407674755438,482.8409241957297,439.8217704481913,43.01629071995614,439.82177044819144,720,720,0,100,93.04130697194032,100,93.04130697194032
202505161,2025-05-16,Night,C,8354.528618129501,696.2107181774584,1.775128212220504,0.16020820140780925,90.97561068558927,108.52998442853425,8659.970583867858,12.438720573762415,0.4384689727117565,0.8447711553021996,476.807128193632,433.78362988179094,43.03261696842191,433.78362988179094,720,720,0,100,92.82809575699444,100,92.82809575699444
202505170,2025-05-17,Day,D,8473.278852119278,706.1065710099399,1.7747178912275696,0.1582060534354231,91.11327697984834,106.27078190868404,8821.305611499745,12.492881349174654,0.431969383253453,0.843946784916313,483.4726250351629,440.511366977295,43.09884761344825,440.3811940771746,720,720,0,100,94.14754280132533,99.92255266418836,94.07462803769357
202505171,2025-05-17,Night,A,8322.191936094368,693.5159946745307,1.7159268285873874,0.15317348405525136,91.07447459006873,104.64998299629067,8706.535771841041,12.554196065697154,0.4600921468256768,0.8030312550811024,459.12141937128837,418.13717737430466,40.983814832819334,418.1371773743046,720,720,0,100,92.46879928993742,100,92.46879928993741
202505180,2025-05-18,Day,B,8427.333843927723,702.2778203273103,1.6962026141819178,0.15371038453681204,90.94454852139413,106.51331319793579,8803.751509241594,12.53599537735427,0.44398777797991595,0.8599948669465884,444.48824942359647,404.2672090427781,40.24044614030704,417.971860467727,720,720,0,100,93.63704271030804,100,93.63704271030804
202505181,2025-05-18,Night,C,8274.83957421223,689.5699645176858,1.7196050566084895,0.15694564184988755,90.8674073880918,110.34080631948702,8579.494037182565,12.441803556776756,0.45291199394147375,0.8142413650298946,457.48763284365015,415.70843288898186,41.75417483165704,415.70843288898146,720,720,0,100,91.94266193569143,99.92255266418836,91.87145479354793
202505190,2025-05-19,Day,D,8511.982695244322,709.3318912703602,1.7761926647131463,0.15857602297981044,91.07073302134218,106.16865803244504,8870.583901154127,12.505547840613195,0.4537699461098243,0.8451300763059681,486.0846047107571,442.6865371586335,43.39696080165586,442.6865371586333,720,720,0,100,94.5775855027147,100,94.5775855027147
202505191,2025-05-19,Night,A,3915.6778133219377,656.2588513947383,1.7365045607512368,0.1530761228494841,91.17172707062181,104.60484704709627,8244.216521317612,12.562446211272103,0.4583535506505929,0.8567150898947555,218.61197142005602,199.32650343327217,19.271053903243008,199.32650343327222,720,358,362,49.72222222222222,87.50118018596511,100,43.507531259132655
202505200,2025-05-20,Day,B,8419.064421608513,701.5887018007094,1.6476992354446685,0.1495951757097677,90.92213406355258,104.65659836240468,8759.764750939845,12.485612622405243,0.46285321817426534,0.8208061579900927,445.99792170641695,405.51742076653613,40.49230346693522,405.5174207665363,720,720,0,100,93.54516024009459,100,93.5451602400946
202505201,2025-05-20,Night,C,8286.671483715421,690.5559569762851,1.7295777200603775,0.15389694479011273,91.09558443680193,106.47104727321313,8602.622095768853,12.457530789303263,0.43118478338238153,0.8376915937782203,460.7987224017947,419.7826313826843,41.00163566997609,419.78263138268466,720,720,0,100,92.07412759683801,99.92255266418836,92.00281863804244
202505210,2025-05-21,Day,D,8391.701814301181,699.3084845250985,1.670062992945098,0.14885152469816318,91.08676396395285,104.79727364444298,8764.595711201173,12.533232336160236,0.445584862049083,0.8467990612880264,434.83602301439754,396.04374335548414,38.79259100219121,410.4218637003726,720,720,0,100,93.24113127001313,100,93.24113127001313
202505211,2025-05-21,Night,A,8359.329225390456,696.6107687825381,1.679685556000991,0.15144227496029655,90.9767656332551,105.63163001498016,8682.988610268976,12.464620128460227,0.44448121654392386,0.8535708959642198,435.30994612235446,396.0708619128037,39.24613603861093,410.7026903378787,720,720,0,100,92.88143583767175,100,92.88143583767175
202505220,2025-05-22,Day,B,8375.365234042798,697.9471028368997,1.6242842045246828,0.14746228798650274,90.9632437250308,103.59294823660619,8728.679130501268,12.506218730649326,0.44674880725007016,0.8684343741320202,437.3779029353043,397.85072575163315,39.70779627229847,397.67521832963024,720,720,0,100,93.05961371158664,99.92285141181917,92.98781953344162
202505221,2025-05-22,Night,C,8335.162468106018,694.5968723421682,1.663001324171223,0.15044921402838865,90.95848407976938,105.88795552263238,8629.287387400089,12.423446938801044,0.43208662563044087,0.8330706114876625,445.65391550190253,405.3588759728256,40.317635555311114,405.3588759728255,720,720,0,100,92.6129163122891,99.92255266418836,92.54119007598777
202505230,2025-05-23,Day,D,8435.260462827055,702.9383719022546,1.5793403035667182,0.1480858327890783,90.6448116086371,107.95758357821809,8711.715535879272,12.39328493663547,0.4521116148359799,0.8676724955920474,428.3169661606968,388.2745709461947,40.16086620999651,388.1707042080074,720,720,0,100,93.72511625363394,99.92285141181917,93.65280864967343
202505231,2025-05-23,Night,A,8356.603614600734,696.3836345500612,1.4646698136328629,0.2200235093496668,90.6152457525089,105.62431426331463,8719.045554580254,12.520463035024791,0.45358447496554205,0.8440988254810831,393.51436939040093,356.5865912893716,59.11394617879388,356.5865912893717,720,720,0,100,92.85115127334149,99.92285141181917,92.77951792102445
202505240,2025-05-24,Day,B,6756.159007419922,683.5911305989804,1.4960210267379797,0.13916578292841994,90.69709084756961,104.9218993319613,8580.683850010746,12.552362758849908,0.4425894000992152,0.8550507944470771,324.9590391478486,294.7457196750784,30.228972918438817,294.74571967507836,720,593,127,82.36111111111111,91.14548407986405,100,75.06843341577692
202505241,2025-05-24,Night,C,8325.441521955732,693.786793496311,1.5292823082311848,0.14148885373228492,90.75869707855726,103.90053795783999,8662.17671467874,12.485358320278834,0.44560079895679633,0.8321533663731449,394.8912968892865,358.3881671163657,36.524066816911535,371.7021088243339,720,720,0,100,92.50490579950814,100,92.50490579950814
202505250,2025-05-25,Day,D,8384.889323363283,698.7407769469403,1.5496111498673242,0.14233178994226559,90.81618798363513,106.09520217915811,8741.525911590978,12.510398992006698,0.45017886042815536,0.8416904568265453,417.74487364985606,379.38065848054094,38.369868215571586,379.3806584805409,720,720,0,100,93.1654369262587,99.76855423545749,92.94980946847535
202505251,2025-05-25,Night,A,8285.544011194334,690.4620009328611,1.5370122570921994,0.14298051633760558,90.74707616198424,105.56263341465538,8651.241728207855,12.529642060706367,0.4577311572857304,0.8403273502419764,409.43920140408727,371.55461818364995,38.088068690073946,371.3638104494381,720,720,0,100,92.06160012438148,99.92285141181917,91.99057589962885
202505260,2025-05-26,Day,B,6774.225380207802,697.1758538807343,1.4965876178400601,0.1421775279497422,90.49815064531779,108.50747972188856,8703.348255315093,12.483720150187493,0.44962195180811926,0.8542221764190737,325.95140053528905,294.9708619252758,30.965754231448095,294.9708619252756,720,583,137,80.97222222222223,92.95678051743123,99.92285141181917,75.21110178851981
202505261,2025-05-26,Night,C,5251.728939814619,667.5926618408413,1.3784279891061395,0.13277435601116547,90.36902123326715,105.41616469768798,8379.47045191473,12.551771358314381,0.4650345799514799,0.8578678679952844,232.7434392106024,210.33192582454748,22.418552511437777,210.33192582454762,720,472,248,65.55555555555556,89.01235491211217,99.92285141181917,58.307525612027405
202505270,2025-05-27,Day,D,7451.516150282043,678.4384962320524,1.3334327647604636,0.12999448806428354,90.24074979554383,104.9684520851504,8463.657808405054,12.47520277138011,0.455580950962972,0.8567514607285988,319.4528973663752,288.28553170843355,31.14301444456701,288.2855317084337,720,659,61,91.52777777777777,90.45846616427366,100,82.79462389202268
202505271,2025-05-27,Night,A,8298.447135718307,691.5372613098589,1.3729881267967736,0.1328044326785533,90.32408950940793,107.56120801558957,8599.294887895008,12.435041998469984,0.4458099093356549,0.852462832573271,353.1092360330773,318.90886735343145,34.18126482131092,330.87614796048723,720,720,0,100,92.20496817464785,100,92.20496817464785
202505280,2025-05-28,Day,B,8376.652577609804,698.0543814674836,1.2916775383396268,0.12677073317340798,90.18687003271272,104.21383193518609,8704.30685231964,12.469382161918425,0.42523829107894484,0.8574699470708007,335.9861373795141,303.0253464887886,32.989145375990404,313.50270802859194,720,720,0,100,93.07391752899781,100,93.07391752899781
202505281,2025-05-28,Night,C,8294.748616811294,691.2290514009412,1.2381043400789458,0.11993058838451615,90.31069676688843,102.7541052921496,8696.69454899199,12.581494558664827,0.460910806690933,0.8560449894743016,330.1805881179784,298.20079017284485,31.983372422076943,298.2007901728448,720,720,0,100,92.1638735201255,99.84570282363833,92.02166726565842
202505290,2025-05-29,Day,D,8407.423416820371,700.6186180683643,1.1424387696647924,0.11509582457533805,89.9199683194619,105.77833801832165,8736.304512403647,12.46941529542851,0.4513876444288542,0.8534735636041274,308.806842595913,277.67992621495426,31.110969906520122,277.6799262149541,720,720,0,100,93.41581574244857,99.69140564727665,93.12753981051694
202505291,2025-05-29,Night,A,4114.255059893033,685.7091766488388,1.213116526704385,0.1205012412056065,90.07265986331598,105.59538566326907,8482.098501460852,12.369819145361465,0.4486816222341883,0.8380598399868555,160.46665266158854,144.52733395075433,15.939466977966829,144.5273339507543,360,360,0,100,91.42789021984517,99.84572662758409,91.2868413302743
